-- phpMyAdmin SQL Dump
-- version 4.9.2
-- https://www.phpmyadmin.net/
--
-- Gép: 127.0.0.1
-- Létrehozás ideje: 2020. Ápr 24. 15:58
-- Kiszolgáló verziója: 10.4.11-MariaDB
-- PHP verzió: 7.4.1

SET SQL_MODE = "NO_AUTO_VALUE_ON_ZERO";
SET AUTOCOMMIT = 0;
START TRANSACTION;
SET time_zone = "+00:00";


/*!40101 SET @OLD_CHARACTER_SET_CLIENT=@@CHARACTER_SET_CLIENT */;
/*!40101 SET @OLD_CHARACTER_SET_RESULTS=@@CHARACTER_SET_RESULTS */;
/*!40101 SET @OLD_COLLATION_CONNECTION=@@COLLATION_CONNECTION */;
/*!40101 SET NAMES utf8mb4 */;

--
-- Adatbázis: `zd_dajkan`
--

-- --------------------------------------------------------

--
-- A nézet helyettes szerkezete `attekinto`
-- (Lásd alább az aktuális nézetet)
--
CREATE TABLE `attekinto` (
`ID` int(11)
,`megnevezes` varchar(100)
,`meret` varchar(100)
,`teszta` varchar(100)
,`szosz` varchar(100)
,`szoszleiras` varchar(100)
,`hus` varchar(100)
,`husleiras` varchar(100)
,`zoldseg` varchar(100)
,`zoldsegleiras` varchar(100)
,`sajt` varchar(100)
,`sajtleiras` varchar(100)
,`ar` bigint(25)
,`kcal` bigint(15)
,`kep` varchar(1024)
);

-- --------------------------------------------------------

--
-- Tábla szerkezet ehhez a táblához `cimek`
--

CREATE TABLE `cimek` (
  `ID` int(11) NOT NULL,
  `vasarloID` int(11) NOT NULL,
  `cim` varchar(100) COLLATE utf8_hungarian_ci NOT NULL,
  `megjegyzes` varchar(100) COLLATE utf8_hungarian_ci DEFAULT NULL
) ENGINE=InnoDB DEFAULT CHARSET=utf8 COLLATE=utf8_hungarian_ci;

--
-- A tábla adatainak kiíratása `cimek`
--

INSERT INTO `cimek` (`ID`, `vasarloID`, `cim`, `megjegyzes`) VALUES
(19, 4, 'Bezerédj u. 30. 3/4 kt.17', 'Otthoni'),
(25, 4, 'Tavasz u. 9.', 'Munkahelyi'),
(26, 4, 'Széchenyi u. 43. I.emelet 122-es ajtó', 'Iskola'),
(27, 18, 'Toldi 2', '');

-- --------------------------------------------------------

--
-- Tábla szerkezet ehhez a táblához `desszertek`
--

CREATE TABLE `desszertek` (
  `ID` int(11) NOT NULL,
  `megnevezes` varchar(100) COLLATE utf8_hungarian_ci NOT NULL,
  `leiras` varchar(100) COLLATE utf8_hungarian_ci DEFAULT NULL,
  `kcal` int(11) DEFAULT NULL,
  `ar` int(11) NOT NULL,
  `img` varchar(1024) COLLATE utf8_hungarian_ci NOT NULL,
  `rate` double NOT NULL
) ENGINE=InnoDB DEFAULT CHARSET=utf8 COLLATE=utf8_hungarian_ci;

--
-- A tábla adatainak kiíratása `desszertek`
--

INSERT INTO `desszertek` (`ID`, `megnevezes`, `leiras`, `kcal`, `ar`, `img`, `rate`) VALUES
(19, 'Tiramisu', 'Kakaóval megszórt Tiramisu szelet', 268, 690, '<a href=\"termekkepek/avatar/tiramisu.jpg\" data-lightbox=\"X\"><img src=\"termekkepek/avatar/tiramisu.jpg\" class=\"img-thumbnail img-rounded imghover img-responsive c img avatar\"></a>', 1),
(20, 'Túrógombóc', 'Porcukorral megszórt, túrótöltelékes gombóc', 222, 690, '<a href=\"termekkepek/avatar/turogomboc.jpg\" data-lightbox=\"X\"><img src=\"termekkepek/avatar/turogomboc.jpg\" class=\"img-thumbnail img-rounded imghover img-responsive c img avatar\"></a>', 1),
(21, 'Kürtőskalács', 'Hagyományos, fahéjas kürtős kalács', 273, 890, '<a href=\"termekkepek/avatar/kurtoskalacs.jpg\" data-lightbox=\"X\"><img src=\"termekkepek/avatar/kurtoskalacs.jpg\" class=\"img-thumbnail img-rounded imghover img-responsive c img avatar\"></a>', 2),
(27, 'x', 'x', 0, 0, '', 0);

-- --------------------------------------------------------

--
-- Tábla szerkezet ehhez a táblához `felhasznalok`
--

CREATE TABLE `felhasznalok` (
  `ID` int(11) NOT NULL,
  `nev` varchar(50) COLLATE utf8_hungarian_ci NOT NULL,
  `email` varchar(50) COLLATE utf8_hungarian_ci NOT NULL,
  `jelszo` varchar(32) COLLATE utf8_hungarian_ci NOT NULL,
  `tel` varchar(20) COLLATE utf8_hungarian_ci NOT NULL,
  `beosztas` varchar(50) COLLATE utf8_hungarian_ci NOT NULL,
  `pontszam` int(11) NOT NULL,
  `status` int(11) NOT NULL,
  `avatar` varchar(100) COLLATE utf8_hungarian_ci NOT NULL,
  `regdatum` datetime NOT NULL,
  `utbelepdatum` datetime NOT NULL
) ENGINE=InnoDB DEFAULT CHARSET=utf8 COLLATE=utf8_hungarian_ci;

--
-- A tábla adatainak kiíratása `felhasznalok`
--

INSERT INTO `felhasznalok` (`ID`, `nev`, `email`, `jelszo`, `tel`, `beosztas`, `pontszam`, `status`, `avatar`, `regdatum`, `utbelepdatum`) VALUES
(3, 'ADMIN', 'admin', '21232f297a57a5a743894a0e4a801fc3', 'ADMIN', 'ADMIN', 10000, 2, '', '2020-04-02 00:00:00', '2020-04-23 18:22:54'),
(13, 'Futár12', 'email', '621ed8c97ee8182ecb9f1ae0399adcf8', 'Futár1', 'futar', 650, 1, '', '2020-04-20 11:46:13', '2020-04-20 11:46:13'),
(14, 'Spuri Lajos', 'futar2@easypizzy.hu', '621ed8c97ee8182ecb9f1ae0399adcf8', 'Futár2', 'futar', 350, 1, '', '2020-04-20 11:47:12', '2020-04-20 11:47:12'),
(15, 'Flash Gordon', 'futar3@easypizzy.hu', '621ed8c97ee8182ecb9f1ae0399adcf8', 'futár3', 'futar', 100, 1, '', '2020-04-20 11:47:50', '2020-04-20 11:47:50'),
(16, 'Gordon Ramsey', 'szakacs1@easypizzy.hu', '621ed8c97ee8182ecb9f1ae0399adcf8', 'szakacs1', 'szakacs', 850, 1, '', '2020-04-20 11:50:02', '2020-04-20 11:50:02'),
(18, 'Jamie Oliver', 'szakacs3@easypizzy.hu', '621ed8c97ee8182ecb9f1ae0399adcf8', 'szakacs3', 'szakacs', 250, 1, '', '2020-04-20 11:51:28', '2020-04-20 11:51:28');

-- --------------------------------------------------------

--
-- Tábla szerkezet ehhez a táblához `fizmodok`
--

CREATE TABLE `fizmodok` (
  `ID` int(11) NOT NULL,
  `fizmod` varchar(100) COLLATE utf8_hungarian_ci NOT NULL
) ENGINE=InnoDB DEFAULT CHARSET=utf8 COLLATE=utf8_hungarian_ci;

--
-- A tábla adatainak kiíratása `fizmodok`
--

INSERT INTO `fizmodok` (`ID`, `fizmod`) VALUES
(1, 'Készpénz'),
(2, 'SZÉP kártya'),
(3, 'Bankkártya');

-- --------------------------------------------------------

--
-- Tábla szerkezet ehhez a táblához `hirek`
--

CREATE TABLE `hirek` (
  `ID` int(11) NOT NULL,
  `felhasznaloID` int(11) NOT NULL,
  `hir` varchar(100) COLLATE utf8_hungarian_ci NOT NULL,
  `datum` datetime NOT NULL
) ENGINE=InnoDB DEFAULT CHARSET=utf8 COLLATE=utf8_hungarian_ci;

-- --------------------------------------------------------

--
-- Tábla szerkezet ehhez a táblához `husok`
--

CREATE TABLE `husok` (
  `ID` int(11) NOT NULL,
  `megnevezes` varchar(100) COLLATE utf8_hungarian_ci NOT NULL,
  `leiras` varchar(100) COLLATE utf8_hungarian_ci DEFAULT NULL,
  `kcal` int(11) DEFAULT NULL,
  `ar` int(11) NOT NULL
) ENGINE=InnoDB DEFAULT CHARSET=utf8 COLLATE=utf8_hungarian_ci;

--
-- A tábla adatainak kiíratása `husok`
--

INSERT INTO `husok` (`ID`, `megnevezes`, `leiras`, `kcal`, `ar`) VALUES
(1, 'Sonka', 'Pizzasonka lágy szeletekre feldolgozva', 155, 200),
(2, 'Csirkemell', 'Elősütött, fűszerezett csirkemell', 144, 200),
(3, 'Kolbász', 'Házi csemege kolbász', 392, 200),
(4, 'Szalámi', 'Szeletelt paprikás szalámi', 524, 200),
(5, 'Bacon', 'Elősütött, ropogós, kockázott prémium baconszalonna', 556, 200),
(6, 'Csirkemáj ragu', 'Házilag főzött csirkemájragu', 101, 200),
(7, 'Bolognai ragu', 'Házilag készített bolognai stílusú ragu', 223, 200),
(8, 'Pármai sonka', 'Lágy szeletekre dolgozott pármai sonka', 225, 200),
(9, 'Csípős kolbász', 'Házi csípős, paprikás kolbász', 215, 200),
(10, 'Tenger gyümölcse', 'Frissen feldolgozott tengeri herkentyűk', 58, 200),
(11, 'Tarja', 'Füstölt, főtt tarja', 153, 200),
(12, '[nincs megadva]', '[nincs kiválasztva]', 0, 0);

-- --------------------------------------------------------

--
-- Tábla szerkezet ehhez a táblához `kedvezmenyek`
--

CREATE TABLE `kedvezmenyek` (
  `ID` int(11) NOT NULL,
  `min` int(11) NOT NULL,
  `max` int(11) NOT NULL,
  `szazalek` int(11) NOT NULL
) ENGINE=InnoDB DEFAULT CHARSET=utf8 COLLATE=utf8_hungarian_ci;

--
-- A tábla adatainak kiíratása `kedvezmenyek`
--

INSERT INTO `kedvezmenyek` (`ID`, `min`, `max`, `szazalek`) VALUES
(1, 100, 1000, 5);

-- --------------------------------------------------------

--
-- Tábla szerkezet ehhez a táblához `kosar`
--

CREATE TABLE `kosar` (
  `ID` int(11) NOT NULL,
  `vasarloID` int(11) NOT NULL,
  `termekID` int(11) NOT NULL,
  `mennyiseg` int(11) NOT NULL,
  `kategoria` varchar(20) COLLATE utf8_hungarian_ci NOT NULL
) ENGINE=InnoDB DEFAULT CHARSET=utf8 COLLATE=utf8_hungarian_ci;

--
-- A tábla adatainak kiíratása `kosar`
--

INSERT INTO `kosar` (`ID`, `vasarloID`, `termekID`, `mennyiseg`, `kategoria`) VALUES
(50, 17, 16, 1, 'Pizza');

-- --------------------------------------------------------

--
-- Tábla szerkezet ehhez a táblához `meretek`
--

CREATE TABLE `meretek` (
  `ID` int(11) NOT NULL,
  `meret` varchar(100) COLLATE utf8_hungarian_ci NOT NULL,
  `ar` int(11) NOT NULL
) ENGINE=InnoDB DEFAULT CHARSET=utf8 COLLATE=utf8_hungarian_ci;

--
-- A tábla adatainak kiíratása `meretek`
--

INSERT INTO `meretek` (`ID`, `meret`, `ar`) VALUES
(1, '32cm', 1),
(2, '55cm', 3);

-- --------------------------------------------------------

--
-- Tábla szerkezet ehhez a táblához `pizzak`
--

CREATE TABLE `pizzak` (
  `ID` int(11) NOT NULL,
  `megnevezes` varchar(100) COLLATE utf8_hungarian_ci NOT NULL,
  `meretID` int(11) DEFAULT NULL,
  `tesztaID` int(11) DEFAULT NULL,
  `szoszID` int(11) DEFAULT NULL,
  `husID` int(11) DEFAULT NULL,
  `zoldsegID` int(11) DEFAULT NULL,
  `sajtID` int(11) DEFAULT NULL,
  `rendeltdb` int(11) DEFAULT NULL,
  `img` varchar(1024) COLLATE utf8_hungarian_ci NOT NULL,
  `rate` double NOT NULL
) ENGINE=InnoDB DEFAULT CHARSET=utf8 COLLATE=utf8_hungarian_ci;

--
-- A tábla adatainak kiíratása `pizzak`
--

INSERT INTO `pizzak` (`ID`, `megnevezes`, `meretID`, `tesztaID`, `szoszID`, `husID`, `zoldsegID`, `sajtID`, `rendeltdb`, `img`, `rate`) VALUES
(16, 'Sonkás-Kukoricás', 1, 1, 1, 1, 3, 1, 1, '<a href=\"termekkepek/avatar/sonkas_kukoricaspizza.jpg\" data-lightbox=\"X\"><img src=\"termekkepek/avatar/sonkas_kukoricaspizza.jpg\" class=\"img-thumbnail img-rounded imghover img-responsive c img avatar\"></a>', -1),
(17, 'Magyaros', 1, 1, 3, 3, 1, 2, 1, '<a href=\"termekkepek/avatar/magyaros.jpg\" data-lightbox=\"X\"><img src=\"termekkepek/avatar/magyaros.jpg\" class=\"img-thumbnail img-rounded imghover img-responsive c img avatar\"></a>', 0),
(18, 'Tejfölös', 1, 1, 2, 5, 6, 6, 1, '<a href=\"termekkepek/avatar/tejfolos.jpg\" data-lightbox=\"X\"><img src=\"termekkepek/avatar/tejfolos.jpg\" class=\"img-thumbnail img-rounded imghover img-responsive c img avatar\"></a>', 0),
(19, 'Csirkemájas pizza', 1, 1, 1, 6, 1, 1, 1, '<a href=\"termekkepek/avatar/csirkemajas.jpg\" data-lightbox=\"X\"><img src=\"termekkepek/avatar/csirkemajas.jpg\" class=\"img-thumbnail img-rounded imghover img-responsive c img avatar\"></a>', 0),
(20, 'Vegetáriánus Light Pizza', 1, 1, 1, 12, 11, 1, 1, '<a href=\"termekkepek/avatar/vegetarianus.jpg\" data-lightbox=\"X\"><img src=\"termekkepek/avatar/vegetarianus.jpg\" class=\"img-thumbnail img-rounded imghover img-responsive c img avatar\"></a>', 0),
(21, 'Mérges pizza', 1, 2, 3, 9, 9, 2, 1, '<a href=\"termekkepek/avatar/mergespizza.jpg\" data-lightbox=\"X\"><img src=\"termekkepek/avatar/mergespizza.jpg\" class=\"img-thumbnail img-rounded imghover img-responsive c img avatar\"></a>', 0),
(22, 'Tenger gyümölcsei pizza', 1, 3, 1, 10, 7, 1, 1, '<a href=\"termekkepek/avatar/tengergyumolcse.jpg\" data-lightbox=\"X\"><img src=\"termekkepek/avatar/tengergyumolcse.jpg\" class=\"img-thumbnail img-rounded imghover img-responsive c img avatar\"></a>', -2),
(27, 'x', NULL, NULL, NULL, NULL, NULL, NULL, NULL, '', 0);

-- --------------------------------------------------------

--
-- Tábla szerkezet ehhez a táblához `rate`
--

CREATE TABLE `rate` (
  `ID` int(11) NOT NULL,
  `termekID` int(11) NOT NULL,
  `ratings` int(11) NOT NULL
) ENGINE=InnoDB DEFAULT CHARSET=utf8 COLLATE=utf8_hungarian_ci;

-- --------------------------------------------------------

--
-- Tábla szerkezet ehhez a táblához `rendelesek`
--

CREATE TABLE `rendelesek` (
  `ID` int(11) NOT NULL,
  `datum` datetime NOT NULL,
  `vasarloID` int(11) NOT NULL,
  `szakacsID` int(11) DEFAULT NULL,
  `szallitoID` int(11) DEFAULT NULL,
  `userID` int(11) DEFAULT NULL,
  `osszpontszam` int(11) NOT NULL,
  `vegosszeg` int(11) NOT NULL,
  `statusz` int(11) NOT NULL,
  `fizmod` varchar(50) COLLATE utf8_hungarian_ci NOT NULL,
  `kiszallitas` varchar(50) COLLATE utf8_hungarian_ci NOT NULL,
  `kedvezmenyID` int(11) DEFAULT NULL,
  `megjegyzes` text COLLATE utf8_hungarian_ci NOT NULL,
  `cim` varchar(100) COLLATE utf8_hungarian_ci NOT NULL
) ENGINE=InnoDB DEFAULT CHARSET=utf8 COLLATE=utf8_hungarian_ci;

--
-- A tábla adatainak kiíratása `rendelesek`
--

INSERT INTO `rendelesek` (`ID`, `datum`, `vasarloID`, `szakacsID`, `szallitoID`, `userID`, `osszpontszam`, `vegosszeg`, `statusz`, `fizmod`, `kiszallitas`, `kedvezmenyID`, `megjegyzes`, `cim`) VALUES
(30, '2020-04-19 13:53:46', 4, 18, 14, NULL, 0, 22440, 0, 'Készpénz', 'Házhozszállítás', NULL, '10pizza10üdítő', 'Tavasz u. 9.'),
(31, '2020-04-20 08:21:44', 4, 16, 13, NULL, 0, 1545, 0, 'Készpénz', 'Érte megyek', NULL, 'aaaaa', 'Széchenyi u. 43. I.emelet 122-es ajtó'),
(32, '2020-04-20 08:29:23', 4, 18, 14, NULL, 0, 15450, 0, 'Készpénz', 'Érte megyek', NULL, '', 'Tavasz u. 9.'),
(33, '2020-04-20 16:13:20', 4, 18, 14, NULL, 0, 3090, 0, 'Készpénz', 'Házhozszállítás', NULL, 'helo', 'Tavasz u. 9.'),
(34, '2020-04-21 10:25:35', 4, 16, 13, NULL, 0, 4470, 0, 'Készpénz', 'Házhozszállítás', NULL, '', 'Bezerédj u. 30. 3/4 kt.17'),
(35, '2020-04-21 19:50:57', 4, 16, 14, NULL, 0, 4635, 0, 'Készpénz', 'Házhozszállítás', NULL, 'aaaa', 'Bezerédj u. 30. 3/4 kt.17'),
(36, '2020-04-21 19:52:44', 4, 16, 13, NULL, 0, 1390, 0, 'Készpénz', 'Házhozszállítás', NULL, '', 'Bezerédj u. 30. 3/4 kt.17'),
(37, '2020-04-21 19:54:36', 4, 16, 13, NULL, 0, 5569, 0, 'Készpénz', 'Házhozszállítás', NULL, '', 'Bezerédj u. 30. 3/4 kt.17'),
(38, '2020-04-21 19:55:30', 4, 16, 14, NULL, 0, 1380, 0, 'Bankkártya', 'Házhozszállítás', NULL, '', 'Bezerédj u. 30. 3/4 kt.17'),
(39, '2020-04-22 11:00:29', 4, 16, 13, NULL, 0, 1198, 0, 'Készpénz', 'Házhozszállítás', NULL, '0422', 'Bezerédj u. 30. 3/4 kt.17'),
(40, '2020-04-22 17:38:44', 18, 16, 15, NULL, 0, 1545, 0, 'Készpénz', 'Házhozszállítás', NULL, '', 'Toldi 2'),
(41, '2020-04-23 16:37:27', 4, NULL, NULL, NULL, 0, 1545, 1, 'Készpénz', 'Házhozszállítás', NULL, '', 'Tavasz u. 9.'),
(42, '2020-04-23 18:21:51', 4, NULL, NULL, NULL, 0, 1545, 1, 'Készpénz', 'Házhozszállítás', NULL, '', 'Tavasz u. 9.');

-- --------------------------------------------------------

--
-- Tábla szerkezet ehhez a táblához `rendelestetel`
--

CREATE TABLE `rendelestetel` (
  `ID` int(11) NOT NULL,
  `rendelesID` int(11) NOT NULL,
  `vasarloID` int(11) NOT NULL,
  `pizzaID` int(11) DEFAULT NULL,
  `uditoID` int(11) DEFAULT NULL,
  `desszertID` int(11) DEFAULT NULL,
  `mennyiseg` int(11) NOT NULL,
  `egysegar` int(11) NOT NULL,
  `fizmod` varchar(100) COLLATE utf8_hungarian_ci NOT NULL,
  `kiszallitas` varchar(100) COLLATE utf8_hungarian_ci NOT NULL,
  `cim` varchar(100) COLLATE utf8_hungarian_ci NOT NULL,
  `megjegyzes` varchar(100) COLLATE utf8_hungarian_ci NOT NULL,
  `vegosszeg` int(11) NOT NULL,
  `status` int(11) NOT NULL,
  `ertekelve` int(11) NOT NULL
) ENGINE=InnoDB DEFAULT CHARSET=utf8 COLLATE=utf8_hungarian_ci;

--
-- A tábla adatainak kiíratása `rendelestetel`
--

INSERT INTO `rendelestetel` (`ID`, `rendelesID`, `vasarloID`, `pizzaID`, `uditoID`, `desszertID`, `mennyiseg`, `egysegar`, `fizmod`, `kiszallitas`, `cim`, `megjegyzes`, `vegosszeg`, `status`, `ertekelve`) VALUES
(37, 30, 4, 16, 47, 27, 10, 0, 'Készpénz', 'Házhozszállítás', 'Tavasz u. 9.', '10pizza10üdítő', 22440, 1, 1),
(38, 30, 4, 27, 41, 27, 10, 0, 'Készpénz', 'Házhozszállítás', 'Tavasz u. 9.', '10pizza10üdítő', 22440, 1, 1),
(39, 31, 4, 16, 47, 27, 1, 0, 'Készpénz', 'Érte megyek', 'Széchenyi u. 43. I.emelet 122-es ajtó', 'aaaaa', 1545, 1, 1),
(40, 32, 4, 16, 47, 27, 10, 0, 'Készpénz', 'Érte megyek', 'Tavasz u. 9.', '', 15450, 1, 1),
(41, 33, 4, 17, 47, 27, 2, 0, 'Készpénz', 'Házhozszállítás', 'Tavasz u. 9.', 'helo', 3090, 1, 0),
(42, 34, 4, 19, 47, 27, 2, 0, 'Készpénz', 'Házhozszállítás', 'Bezerédj u. 30. 3/4 kt.17', '', 4470, 1, 1),
(43, 34, 4, 27, 47, 20, 2, 0, 'Készpénz', 'Házhozszállítás', 'Bezerédj u. 30. 3/4 kt.17', '', 4470, 1, 1),
(44, 35, 4, 16, 47, 27, 3, 0, 'Készpénz', 'Házhozszállítás', 'Bezerédj u. 30. 3/4 kt.17', 'aaaa', 4635, 1, 0),
(45, 36, 4, 18, 47, 27, 2, 0, 'Készpénz', 'Házhozszállítás', 'Bezerédj u. 30. 3/4 kt.17', '', 1390, 1, 0),
(46, 36, 4, 27, 47, 27, 1, 0, 'Készpénz', 'Házhozszállítás', 'Bezerédj u. 30. 3/4 kt.17', 'kedvezmény', -1700, 1, 1),
(47, 37, 4, 18, 47, 27, 1, 0, 'Készpénz', 'Házhozszállítás', 'Bezerédj u. 30. 3/4 kt.17', '', 5569, 1, 1),
(48, 37, 4, 22, 47, 27, 1, 0, 'Készpénz', 'Házhozszállítás', 'Bezerédj u. 30. 3/4 kt.17', '', 5569, 1, 1),
(49, 37, 4, 27, 42, 27, 1, 0, 'Készpénz', 'Házhozszállítás', 'Bezerédj u. 30. 3/4 kt.17', '', 5569, 1, 0),
(50, 37, 4, 27, 47, 21, 2, 0, 'Készpénz', 'Házhozszállítás', 'Bezerédj u. 30. 3/4 kt.17', '', 5569, 1, 0),
(51, 38, 4, 27, 47, 20, 2, 0, 'Bankkártya', 'Házhozszállítás', 'Bezerédj u. 30. 3/4 kt.17', '', 1380, 1, 1),
(52, 39, 4, 27, 41, 27, 1, 0, 'Készpénz', 'Házhozszállítás', 'Bezerédj u. 30. 3/4 kt.17', '0422', 1198, 1, 0),
(53, 39, 4, 27, 44, 27, 1, 0, 'Készpénz', 'Házhozszállítás', 'Bezerédj u. 30. 3/4 kt.17', '0422', 1198, 1, 0),
(54, 39, 4, 27, 47, 27, 1, 0, 'Készpénz', 'Házhozszállítás', 'Bezerédj u. 30. 3/4 kt.17', 'kedvezmény', -200, 1, 0),
(55, 40, 18, 18, 47, 27, 1, 0, 'Készpénz', 'Házhozszállítás', 'Toldi 2', '', 1545, 1, 1),
(56, 41, 4, 16, 47, 27, 1, 0, 'Készpénz', 'Házhozszállítás', 'Tavasz u. 9.', '', 1545, 1, 0),
(57, 42, 4, 16, 47, 27, 1, 0, 'Készpénz', 'Házhozszállítás', 'Tavasz u. 9.', '', 1545, 1, 0);

-- --------------------------------------------------------

--
-- Tábla szerkezet ehhez a táblához `sajtok`
--

CREATE TABLE `sajtok` (
  `ID` int(11) NOT NULL,
  `megnevezes` varchar(100) COLLATE utf8_hungarian_ci NOT NULL,
  `leiras` varchar(100) COLLATE utf8_hungarian_ci DEFAULT NULL,
  `kcal` int(11) DEFAULT NULL,
  `ar` int(11) NOT NULL
) ENGINE=InnoDB DEFAULT CHARSET=utf8 COLLATE=utf8_hungarian_ci;

--
-- A tábla adatainak kiíratása `sajtok`
--

INSERT INTO `sajtok` (`ID`, `megnevezes`, `leiras`, `kcal`, `ar`) VALUES
(1, 'Mozzarella sajt', 'Prémium minőségű mozzarella pizzafeltét', 300, 150),
(2, 'Trappista sajt', 'Prémium minőségű Trappista sajt', 381, 150),
(3, 'Pannónia sajt', 'Nagylyukú kiváló minőségű sajt', 394, 150),
(4, 'Márvány sajt', 'Intenzív, kéksajtnak is hívott különlegesség', 366, 150),
(5, 'Parmezán sajt', 'Finomra reszelt, inkább fűszernek használt sajtkülönlegesség', 385, 150),
(6, 'Camembert sajt', 'Tehéntejből készült Camembert sajt', 308, 150),
(7, 'Lapkasajt', 'Lapkasajt', 276, 150),
(8, 'Füstölt sajt', 'Füstölt sajt', 353, 150),
(9, '[nincs kiválasztva]', '[nincs kiválasztva]', 0, 0);

-- --------------------------------------------------------

--
-- Tábla szerkezet ehhez a táblához `statuszok`
--

CREATE TABLE `statuszok` (
  `ID` int(11) NOT NULL,
  `status` tinyint(4) NOT NULL,
  `leiras` varchar(100) COLLATE utf8_hungarian_ci NOT NULL
) ENGINE=InnoDB DEFAULT CHARSET=utf8 COLLATE=utf8_hungarian_ci;

-- --------------------------------------------------------

--
-- Tábla szerkezet ehhez a táblához `szoszok`
--

CREATE TABLE `szoszok` (
  `ID` int(11) NOT NULL,
  `megnevezes` varchar(100) COLLATE utf8_hungarian_ci NOT NULL,
  `leiras` varchar(100) COLLATE utf8_hungarian_ci DEFAULT NULL,
  `kcal` int(11) DEFAULT NULL,
  `ar` int(11) NOT NULL
) ENGINE=InnoDB DEFAULT CHARSET=utf8 COLLATE=utf8_hungarian_ci;

--
-- A tábla adatainak kiíratása `szoszok`
--

INSERT INTO `szoszok` (`ID`, `megnevezes`, `leiras`, `kcal`, `ar`) VALUES
(1, 'Paradicsomos szósz', 'Bazsalikommal fűszerezett paradicsomos pizza alap ', 60, 5),
(2, 'Tejfölös szósz', 'Borssal fűszerezett tejfölös pizza alap', 45, 5),
(3, 'Csípős szósz', 'Erős paprikakrémmel kevert paradicsomos pizza alap', 62, 5),
(4, 'Fokhagymás-Tejfölös szósz', 'Fokhagyma sűrítménnyel kevert tejfölös pizza alap', 51, 5),
(6, 'Barbecues alap', 'Házilag főzött barbecues alap', 133, 5),
(7, 'Mézes-chilis szósz', 'Mézes-chilis pizza alap', 119, 5),
(8, 'Csípős-tejfölös szósz', 'Erős paprikakrémmel kevert tejfölös pizza alap', 51, 5),
(9, '[nincs kiválasztva]', '[nincs kiválasztva]', 0, 0);

-- --------------------------------------------------------

--
-- Tábla szerkezet ehhez a táblához `termekkepek`
--

CREATE TABLE `termekkepek` (
  `ID` int(11) NOT NULL,
  `termekID` int(11) NOT NULL,
  `fajlnev` varchar(100) COLLATE utf8_hungarian_ci NOT NULL,
  `img` varchar(512) COLLATE utf8_hungarian_ci NOT NULL
) ENGINE=InnoDB DEFAULT CHARSET=utf8 COLLATE=utf8_hungarian_ci;

-- --------------------------------------------------------

--
-- Tábla szerkezet ehhez a táblához `tesztak`
--

CREATE TABLE `tesztak` (
  `ID` int(11) NOT NULL,
  `megnevezes` varchar(100) COLLATE utf8_hungarian_ci NOT NULL,
  `leiras` varchar(100) COLLATE utf8_hungarian_ci NOT NULL,
  `kcal` int(11) NOT NULL,
  `ar` int(11) NOT NULL
) ENGINE=InnoDB DEFAULT CHARSET=utf8 COLLATE=utf8_hungarian_ci;

--
-- A tábla adatainak kiíratása `tesztak`
--

INSERT INTO `tesztak` (`ID`, `megnevezes`, `leiras`, `kcal`, `ar`) VALUES
(1, 'Normál tészta', 'Normál vastagságú peremes tészta (340-360g)', 340, 1090),
(2, 'Vastag tészta', 'Vastag, peremes tészta (470-490g)', 480, 1190),
(3, 'Vékony tészta', 'Vékony, perem nélküli tészta (180-200g)', 180, 1090),
(4, 'Teljes kiőrlésű tészta', 'Teljes kiőrlésű rozslisztből készített vékony tészta (180-200g)', 90, 1190);

-- --------------------------------------------------------

--
-- Tábla szerkezet ehhez a táblához `uditok`
--

CREATE TABLE `uditok` (
  `ID` int(11) NOT NULL,
  `megnevezes` varchar(100) COLLATE utf8_hungarian_ci NOT NULL,
  `leiras` varchar(100) COLLATE utf8_hungarian_ci DEFAULT NULL,
  `kcal` int(11) DEFAULT NULL,
  `ar` int(11) NOT NULL,
  `img` varchar(1024) COLLATE utf8_hungarian_ci NOT NULL,
  `rate` double NOT NULL
) ENGINE=InnoDB DEFAULT CHARSET=utf8 COLLATE=utf8_hungarian_ci;

--
-- A tábla adatainak kiíratása `uditok`
--

INSERT INTO `uditok` (`ID`, `megnevezes`, `leiras`, `kcal`, `ar`, `img`, `rate`) VALUES
(41, 'Pepsi Cola 1,75l', 'Pepsi Cola 1,75l', 43, 699, '<a href=\"termekkepek/avatar/pepsi.jpg\" data-lightbox=\"X\"><img src=\"termekkepek/avatar/pepsi.jpg\" class=\"img-thumbnail img-rounded imghover img-responsive c img avatar\"></a>', 1),
(42, 'Pepsi Lime Black 1,75l', 'Pepsi Lime Black 1,75l', 1, 699, '<a href=\"termekkepek/avatar/pepsilime.jpg\" data-lightbox=\"X\"><img src=\"termekkepek/avatar/pepsilime.jpg\" class=\"img-thumbnail img-rounded imghover img-responsive c img avatar\"></a>', 0),
(43, 'Schweppes Narancs 1,75l', 'Schweppes Narancs 1,75l', 30, 699, '<a href=\"termekkepek/avatar/narancs.jpg\" data-lightbox=\"X\"><img src=\"termekkepek/avatar/narancs.jpg\" class=\"img-thumbnail img-rounded imghover img-responsive c img avatar\"></a>', 0),
(44, 'Canada Dry 1,75l', 'Canada Dry 1,75l', 37, 699, '<a href=\"termekkepek/avatar/canadadry.jpg\" data-lightbox=\"X\"><img src=\"termekkepek/avatar/canadadry.jpg\" class=\"img-thumbnail img-rounded imghover img-responsive c img avatar\"></a>', 0),
(45, 'Hey-Ho alma 1l', 'Hey-Ho alma 1l', 30, 399, '<a href=\"termekkepek/avatar/heyho_alma.jpg\" data-lightbox=\"X\"><img src=\"termekkepek/avatar/heyho_alma.jpg\" class=\"img-thumbnail img-rounded imghover img-responsive c img avatar\"></a>', 0),
(46, 'Hey-Ho Trópusi gyümölcs 1l', 'Hey-Ho Trópusi gyümölcs 1l', 26, 399, '<a href=\"termekkepek/avatar/heyho_tropusi.jpg\" data-lightbox=\"X\"><img src=\"termekkepek/avatar/heyho_tropusi.jpg\" class=\"img-thumbnail img-rounded imghover img-responsive c img avatar\"></a>', 2),
(47, 'x', 'x', 0, 0, '', 0);

-- --------------------------------------------------------

--
-- Tábla szerkezet ehhez a táblához `vasarlok`
--

CREATE TABLE `vasarlok` (
  `ID` int(11) NOT NULL,
  `nev` varchar(100) COLLATE utf8_hungarian_ci NOT NULL,
  `email` varchar(50) COLLATE utf8_hungarian_ci NOT NULL,
  `tel` varchar(20) COLLATE utf8_hungarian_ci NOT NULL,
  `jelszo` varchar(32) COLLATE utf8_hungarian_ci NOT NULL,
  `regdatum` datetime NOT NULL,
  `last` datetime DEFAULT NULL,
  `vasalk` int(11) NOT NULL,
  `vasosszeg` int(11) NOT NULL,
  `penztarca` int(11) NOT NULL,
  `avatar` varchar(100) COLLATE utf8_hungarian_ci NOT NULL,
  `status` int(11) NOT NULL,
  `welcome` tinyint(4) NOT NULL
) ENGINE=InnoDB DEFAULT CHARSET=utf8 COLLATE=utf8_hungarian_ci;

--
-- A tábla adatainak kiíratása `vasarlok`
--

INSERT INTO `vasarlok` (`ID`, `nev`, `email`, `tel`, `jelszo`, `regdatum`, `last`, `vasalk`, `vasosszeg`, `penztarca`, `avatar`, `status`, `welcome`) VALUES
(4, 'admin', 'admin', '36301234567', '21232f297a57a5a743894a0e4a801fc3', '2020-02-14 20:27:40', '2020-04-23 18:21:28', 11, 41817, 1400, '', 1, 0),
(15, 'vasarlo20', 'vasarlo20', 'vasarlo20', '9ab93060837a3f6bc0e642956eccff38', '2020-04-09 18:08:43', '2020-04-10 18:08:23', 0, 0, 300, 'pepsilime.jpg', 1, 0),
(16, 'sdfsd', 'ssdfsdf', 'sdfsdf', '621ed8c97ee8182ecb9f1ae0399adcf8', '2020-04-11 11:30:36', NULL, 0, 0, 0, '', 1, 1),
(17, 'Alma1122', 'Alma1122@df.com', 'Alma1122', '621ed8c97ee8182ecb9f1ae0399adcf8', '2020-04-16 16:39:59', '2020-04-22 11:20:05', 0, 0, 0, '', 1, 1),
(18, 'Bilitics Gyuji', 'biliticsanett@gmail.com', '30/0000000', 'b0332ffbf1b6807479ce92f073b31b35', '2020-04-22 17:37:04', '2020-04-22 17:37:20', 1, 1545, 200, '', 1, 1);

-- --------------------------------------------------------

--
-- Tábla szerkezet ehhez a táblához `velemenyek`
--

CREATE TABLE `velemenyek` (
  `ID` int(11) NOT NULL,
  `vasarloID` int(11) NOT NULL,
  `hallott` varchar(256) COLLATE utf8_hungarian_ci NOT NULL,
  `etel` varchar(256) COLLATE utf8_hungarian_ci NOT NULL,
  `ital` varchar(256) COLLATE utf8_hungarian_ci NOT NULL,
  `desszert` varchar(256) COLLATE utf8_hungarian_ci NOT NULL,
  `web` varchar(256) COLLATE utf8_hungarian_ci NOT NULL
) ENGINE=InnoDB DEFAULT CHARSET=utf8 COLLATE=utf8_hungarian_ci;

--
-- A tábla adatainak kiíratása `velemenyek`
--

INSERT INTO `velemenyek` (`ID`, `vasarloID`, `hallott`, `etel`, `ital`, `desszert`, `web`) VALUES
(1, 4, 'sdfsdf', 'sdfsdf', 'sdfsdf', 'sdfsdf', 'sdfsdf');

-- --------------------------------------------------------

--
-- A nézet helyettes szerkezete `v_rendelesek`
-- (Lásd alább az aktuális nézetet)
--
CREATE TABLE `v_rendelesek` (
`ID` int(11)
,`rendelesid` int(11)
,`vasarlo` varchar(100)
,`pizza` varchar(100)
,`udito` varchar(100)
,`desszert` varchar(100)
,`mennyiseg` int(11)
,`vegosszeg` int(11)
,`fizmod` varchar(100)
,`kiszallitasi_mod` varchar(100)
,`kiszallitasi_cim` varchar(100)
,`megjegyzes` text
,`datum` datetime
,`szakacs_azonosito` int(11)
,`futar_azonosito` int(11)
,`rendeles_statusz` int(11)
,`vasarlo_id` int(11)
,`rendeles_ertekelve` int(11)
,`tetel_megjegyzes` varchar(100)
);

-- --------------------------------------------------------

--
-- Tábla szerkezet ehhez a táblához `zoldsegek`
--

CREATE TABLE `zoldsegek` (
  `ID` int(11) NOT NULL,
  `megnevezes` varchar(100) COLLATE utf8_hungarian_ci NOT NULL,
  `leiras` varchar(100) COLLATE utf8_hungarian_ci DEFAULT NULL,
  `kcal` int(11) DEFAULT NULL,
  `ar` int(11) NOT NULL
) ENGINE=InnoDB DEFAULT CHARSET=utf8 COLLATE=utf8_hungarian_ci;

--
-- A tábla adatainak kiíratása `zoldsegek`
--

INSERT INTO `zoldsegek` (`ID`, `megnevezes`, `leiras`, `kcal`, `ar`) VALUES
(1, 'Hagyma', 'Vöröshagyma', 40, 100),
(3, 'Kukorica', 'Konzerv kukorica', 86, 100),
(4, 'Gomba', 'Csiperke gomba', 22, 100),
(5, 'Lilahagyma', 'Lilahagyma', 42, 100),
(6, 'Uborka', 'Csemegeuborka', 12, 100),
(7, 'Paradicsom', 'Szeletelt paradicsom', 18, 100),
(8, 'Brokkoli', 'Előpárolt brokkoli', 24, 100),
(9, 'Erős paprika', 'Szeletelt hegyes erős paprika', 5, 100),
(10, 'Kaliforniai paprika', 'Kockázott kaliforniai paprika', 26, 100),
(11, 'Ruccola', 'Ruccola', 25, 100),
(12, 'Pirított hagyma', 'Pirított hagyma', 332, 100),
(13, '[nincs kiválasztva]', '[nincs kiválasztva]', 0, 0);

-- --------------------------------------------------------

--
-- Nézet szerkezete `attekinto`
--
DROP TABLE IF EXISTS `attekinto`;

CREATE ALGORITHM=UNDEFINED DEFINER=`root`@`localhost` SQL SECURITY DEFINER VIEW `attekinto`  AS  select `pizzak`.`ID` AS `ID`,`pizzak`.`megnevezes` AS `megnevezes`,`meretek`.`meret` AS `meret`,`tesztak`.`megnevezes` AS `teszta`,`szoszok`.`megnevezes` AS `szosz`,`szoszok`.`leiras` AS `szoszleiras`,`husok`.`megnevezes` AS `hus`,`husok`.`leiras` AS `husleiras`,`zoldsegek`.`megnevezes` AS `zoldseg`,`zoldsegek`.`leiras` AS `zoldsegleiras`,`sajtok`.`megnevezes` AS `sajt`,`sajtok`.`leiras` AS `sajtleiras`,`meretek`.`ar` * (`tesztak`.`ar` + `szoszok`.`ar` + `husok`.`ar` + `sajtok`.`ar` + `zoldsegek`.`ar`) AS `ar`,`tesztak`.`kcal` + `szoszok`.`kcal` + `husok`.`kcal` + `sajtok`.`kcal` + `zoldsegek`.`kcal` AS `kcal`,`pizzak`.`img` AS `kep` from ((((((`pizzak` join `meretek` on(`pizzak`.`meretID` = `meretek`.`ID`)) join `tesztak` on(`pizzak`.`tesztaID` = `tesztak`.`ID`)) join `szoszok` on(`pizzak`.`szoszID` = `szoszok`.`ID`)) join `husok` on(`pizzak`.`husID` = `husok`.`ID`)) join `sajtok` on(`pizzak`.`sajtID` = `sajtok`.`ID`)) join `zoldsegek` on(`pizzak`.`zoldsegID` = `zoldsegek`.`ID`)) WITH CASCADED CHECK OPTION ;

-- --------------------------------------------------------

--
-- Nézet szerkezete `v_rendelesek`
--
DROP TABLE IF EXISTS `v_rendelesek`;

CREATE ALGORITHM=UNDEFINED DEFINER=`root`@`localhost` SQL SECURITY DEFINER VIEW `v_rendelesek`  AS  select `rendelestetel`.`ID` AS `ID`,`rendelesek`.`ID` AS `rendelesid`,`vasarlok`.`nev` AS `vasarlo`,`pizzak`.`megnevezes` AS `pizza`,`uditok`.`megnevezes` AS `udito`,`desszertek`.`megnevezes` AS `desszert`,`rendelestetel`.`mennyiseg` AS `mennyiseg`,`rendelesek`.`vegosszeg` AS `vegosszeg`,`rendelestetel`.`fizmod` AS `fizmod`,`rendelestetel`.`kiszallitas` AS `kiszallitasi_mod`,`rendelestetel`.`cim` AS `kiszallitasi_cim`,`rendelesek`.`megjegyzes` AS `megjegyzes`,`rendelesek`.`datum` AS `datum`,`rendelesek`.`szakacsID` AS `szakacs_azonosito`,`rendelesek`.`szallitoID` AS `futar_azonosito`,`rendelesek`.`statusz` AS `rendeles_statusz`,`rendelesek`.`vasarloID` AS `vasarlo_id`,`rendelestetel`.`ertekelve` AS `rendeles_ertekelve`,`rendelestetel`.`megjegyzes` AS `tetel_megjegyzes` from (((((`rendelestetel` join `rendelesek` on(`rendelestetel`.`rendelesID` = `rendelesek`.`ID`)) join `vasarlok` on(`rendelestetel`.`vasarloID` = `vasarlok`.`ID`)) join `pizzak` on(`rendelestetel`.`pizzaID` = `pizzak`.`ID`)) join `uditok` on(`rendelestetel`.`uditoID` = `uditok`.`ID`)) join `desszertek` on(`rendelestetel`.`desszertID` = `desszertek`.`ID`)) WITH CASCADED CHECK OPTION ;

--
-- Indexek a kiírt táblákhoz
--

--
-- A tábla indexei `cimek`
--
ALTER TABLE `cimek`
  ADD PRIMARY KEY (`ID`),
  ADD KEY `vasarloID` (`vasarloID`);

--
-- A tábla indexei `desszertek`
--
ALTER TABLE `desszertek`
  ADD PRIMARY KEY (`ID`);

--
-- A tábla indexei `felhasznalok`
--
ALTER TABLE `felhasznalok`
  ADD PRIMARY KEY (`ID`),
  ADD KEY `status` (`status`);

--
-- A tábla indexei `fizmodok`
--
ALTER TABLE `fizmodok`
  ADD PRIMARY KEY (`ID`);

--
-- A tábla indexei `hirek`
--
ALTER TABLE `hirek`
  ADD PRIMARY KEY (`ID`),
  ADD KEY `felhasznaloID` (`felhasznaloID`);

--
-- A tábla indexei `husok`
--
ALTER TABLE `husok`
  ADD PRIMARY KEY (`ID`);

--
-- A tábla indexei `kedvezmenyek`
--
ALTER TABLE `kedvezmenyek`
  ADD PRIMARY KEY (`ID`);

--
-- A tábla indexei `kosar`
--
ALTER TABLE `kosar`
  ADD PRIMARY KEY (`ID`),
  ADD KEY `vasarloID` (`vasarloID`),
  ADD KEY `termekID` (`termekID`);

--
-- A tábla indexei `meretek`
--
ALTER TABLE `meretek`
  ADD PRIMARY KEY (`ID`);

--
-- A tábla indexei `pizzak`
--
ALTER TABLE `pizzak`
  ADD PRIMARY KEY (`ID`),
  ADD KEY `tesztaID` (`tesztaID`),
  ADD KEY `szoszID` (`szoszID`),
  ADD KEY `husID` (`husID`),
  ADD KEY `zoldsegID` (`zoldsegID`),
  ADD KEY `sajtID` (`sajtID`),
  ADD KEY `meret` (`meretID`);

--
-- A tábla indexei `rate`
--
ALTER TABLE `rate`
  ADD PRIMARY KEY (`ID`),
  ADD KEY `termekID` (`termekID`);

--
-- A tábla indexei `rendelesek`
--
ALTER TABLE `rendelesek`
  ADD PRIMARY KEY (`ID`),
  ADD KEY `vasarloID` (`vasarloID`),
  ADD KEY `szakacsID` (`szakacsID`),
  ADD KEY `szallitoID` (`szallitoID`),
  ADD KEY `userID` (`userID`),
  ADD KEY `kedvezmenyID` (`kedvezmenyID`);

--
-- A tábla indexei `rendelestetel`
--
ALTER TABLE `rendelestetel`
  ADD PRIMARY KEY (`ID`),
  ADD KEY `pizzaID` (`pizzaID`),
  ADD KEY `uditoID` (`uditoID`),
  ADD KEY `desszertID` (`desszertID`),
  ADD KEY `vasarloID` (`vasarloID`),
  ADD KEY `egysegar` (`egysegar`),
  ADD KEY `mennyiseg` (`mennyiseg`),
  ADD KEY `rendelesID` (`rendelesID`);

--
-- A tábla indexei `sajtok`
--
ALTER TABLE `sajtok`
  ADD PRIMARY KEY (`ID`);

--
-- A tábla indexei `statuszok`
--
ALTER TABLE `statuszok`
  ADD PRIMARY KEY (`ID`);

--
-- A tábla indexei `szoszok`
--
ALTER TABLE `szoszok`
  ADD PRIMARY KEY (`ID`);

--
-- A tábla indexei `termekkepek`
--
ALTER TABLE `termekkepek`
  ADD PRIMARY KEY (`ID`),
  ADD KEY `termekID` (`termekID`);

--
-- A tábla indexei `tesztak`
--
ALTER TABLE `tesztak`
  ADD PRIMARY KEY (`ID`);

--
-- A tábla indexei `uditok`
--
ALTER TABLE `uditok`
  ADD PRIMARY KEY (`ID`);

--
-- A tábla indexei `vasarlok`
--
ALTER TABLE `vasarlok`
  ADD PRIMARY KEY (`ID`);

--
-- A tábla indexei `velemenyek`
--
ALTER TABLE `velemenyek`
  ADD PRIMARY KEY (`ID`),
  ADD KEY `vasarloID` (`vasarloID`);

--
-- A tábla indexei `zoldsegek`
--
ALTER TABLE `zoldsegek`
  ADD PRIMARY KEY (`ID`);

--
-- A kiírt táblák AUTO_INCREMENT értéke
--

--
-- AUTO_INCREMENT a táblához `cimek`
--
ALTER TABLE `cimek`
  MODIFY `ID` int(11) NOT NULL AUTO_INCREMENT, AUTO_INCREMENT=28;

--
-- AUTO_INCREMENT a táblához `desszertek`
--
ALTER TABLE `desszertek`
  MODIFY `ID` int(11) NOT NULL AUTO_INCREMENT, AUTO_INCREMENT=30;

--
-- AUTO_INCREMENT a táblához `felhasznalok`
--
ALTER TABLE `felhasznalok`
  MODIFY `ID` int(11) NOT NULL AUTO_INCREMENT, AUTO_INCREMENT=19;

--
-- AUTO_INCREMENT a táblához `fizmodok`
--
ALTER TABLE `fizmodok`
  MODIFY `ID` int(11) NOT NULL AUTO_INCREMENT, AUTO_INCREMENT=4;

--
-- AUTO_INCREMENT a táblához `hirek`
--
ALTER TABLE `hirek`
  MODIFY `ID` int(11) NOT NULL AUTO_INCREMENT, AUTO_INCREMENT=2;

--
-- AUTO_INCREMENT a táblához `husok`
--
ALTER TABLE `husok`
  MODIFY `ID` int(11) NOT NULL AUTO_INCREMENT, AUTO_INCREMENT=14;

--
-- AUTO_INCREMENT a táblához `kedvezmenyek`
--
ALTER TABLE `kedvezmenyek`
  MODIFY `ID` int(11) NOT NULL AUTO_INCREMENT, AUTO_INCREMENT=2;

--
-- AUTO_INCREMENT a táblához `kosar`
--
ALTER TABLE `kosar`
  MODIFY `ID` int(11) NOT NULL AUTO_INCREMENT, AUTO_INCREMENT=102;

--
-- AUTO_INCREMENT a táblához `meretek`
--
ALTER TABLE `meretek`
  MODIFY `ID` int(11) NOT NULL AUTO_INCREMENT, AUTO_INCREMENT=3;

--
-- AUTO_INCREMENT a táblához `pizzak`
--
ALTER TABLE `pizzak`
  MODIFY `ID` int(11) NOT NULL AUTO_INCREMENT, AUTO_INCREMENT=28;

--
-- AUTO_INCREMENT a táblához `rate`
--
ALTER TABLE `rate`
  MODIFY `ID` int(11) NOT NULL AUTO_INCREMENT;

--
-- AUTO_INCREMENT a táblához `rendelesek`
--
ALTER TABLE `rendelesek`
  MODIFY `ID` int(11) NOT NULL AUTO_INCREMENT, AUTO_INCREMENT=43;

--
-- AUTO_INCREMENT a táblához `rendelestetel`
--
ALTER TABLE `rendelestetel`
  MODIFY `ID` int(11) NOT NULL AUTO_INCREMENT, AUTO_INCREMENT=58;

--
-- AUTO_INCREMENT a táblához `sajtok`
--
ALTER TABLE `sajtok`
  MODIFY `ID` int(11) NOT NULL AUTO_INCREMENT, AUTO_INCREMENT=10;

--
-- AUTO_INCREMENT a táblához `statuszok`
--
ALTER TABLE `statuszok`
  MODIFY `ID` int(11) NOT NULL AUTO_INCREMENT;

--
-- AUTO_INCREMENT a táblához `szoszok`
--
ALTER TABLE `szoszok`
  MODIFY `ID` int(11) NOT NULL AUTO_INCREMENT, AUTO_INCREMENT=10;

--
-- AUTO_INCREMENT a táblához `termekkepek`
--
ALTER TABLE `termekkepek`
  MODIFY `ID` int(11) NOT NULL AUTO_INCREMENT, AUTO_INCREMENT=4;

--
-- AUTO_INCREMENT a táblához `tesztak`
--
ALTER TABLE `tesztak`
  MODIFY `ID` int(11) NOT NULL AUTO_INCREMENT, AUTO_INCREMENT=12;

--
-- AUTO_INCREMENT a táblához `uditok`
--
ALTER TABLE `uditok`
  MODIFY `ID` int(11) NOT NULL AUTO_INCREMENT, AUTO_INCREMENT=48;

--
-- AUTO_INCREMENT a táblához `vasarlok`
--
ALTER TABLE `vasarlok`
  MODIFY `ID` int(11) NOT NULL AUTO_INCREMENT, AUTO_INCREMENT=19;

--
-- AUTO_INCREMENT a táblához `velemenyek`
--
ALTER TABLE `velemenyek`
  MODIFY `ID` int(11) NOT NULL AUTO_INCREMENT, AUTO_INCREMENT=2;

--
-- AUTO_INCREMENT a táblához `zoldsegek`
--
ALTER TABLE `zoldsegek`
  MODIFY `ID` int(11) NOT NULL AUTO_INCREMENT, AUTO_INCREMENT=14;

--
-- Megkötések a kiírt táblákhoz
--

--
-- Megkötések a táblához `cimek`
--
ALTER TABLE `cimek`
  ADD CONSTRAINT `cimek_ibfk_1` FOREIGN KEY (`vasarloID`) REFERENCES `vasarlok` (`ID`);

--
-- Megkötések a táblához `hirek`
--
ALTER TABLE `hirek`
  ADD CONSTRAINT `hirek_ibfk_1` FOREIGN KEY (`felhasznaloID`) REFERENCES `felhasznalok` (`ID`);

--
-- Megkötések a táblához `kosar`
--
ALTER TABLE `kosar`
  ADD CONSTRAINT `kosar_ibfk_1` FOREIGN KEY (`vasarloID`) REFERENCES `vasarlok` (`ID`);

--
-- Megkötések a táblához `pizzak`
--
ALTER TABLE `pizzak`
  ADD CONSTRAINT `pizzak_ibfk_1` FOREIGN KEY (`tesztaID`) REFERENCES `tesztak` (`ID`),
  ADD CONSTRAINT `pizzak_ibfk_2` FOREIGN KEY (`szoszID`) REFERENCES `szoszok` (`ID`),
  ADD CONSTRAINT `pizzak_ibfk_3` FOREIGN KEY (`husID`) REFERENCES `husok` (`ID`),
  ADD CONSTRAINT `pizzak_ibfk_4` FOREIGN KEY (`zoldsegID`) REFERENCES `zoldsegek` (`ID`),
  ADD CONSTRAINT `pizzak_ibfk_5` FOREIGN KEY (`sajtID`) REFERENCES `sajtok` (`ID`),
  ADD CONSTRAINT `pizzak_ibfk_6` FOREIGN KEY (`meretID`) REFERENCES `meretek` (`ID`);

--
-- Megkötések a táblához `rendelesek`
--
ALTER TABLE `rendelesek`
  ADD CONSTRAINT `rendelesek_ibfk_1` FOREIGN KEY (`userID`) REFERENCES `felhasznalok` (`ID`),
  ADD CONSTRAINT `rendelesek_ibfk_2` FOREIGN KEY (`vasarloID`) REFERENCES `vasarlok` (`ID`),
  ADD CONSTRAINT `rendelesek_ibfk_5` FOREIGN KEY (`szakacsID`) REFERENCES `felhasznalok` (`ID`),
  ADD CONSTRAINT `rendelesek_ibfk_6` FOREIGN KEY (`szallitoID`) REFERENCES `felhasznalok` (`ID`),
  ADD CONSTRAINT `rendelesek_ibfk_7` FOREIGN KEY (`kedvezmenyID`) REFERENCES `kedvezmenyek` (`ID`);

--
-- Megkötések a táblához `rendelestetel`
--
ALTER TABLE `rendelestetel`
  ADD CONSTRAINT `rendelestetel_ibfk_2` FOREIGN KEY (`pizzaID`) REFERENCES `pizzak` (`ID`),
  ADD CONSTRAINT `rendelestetel_ibfk_3` FOREIGN KEY (`uditoID`) REFERENCES `uditok` (`ID`),
  ADD CONSTRAINT `rendelestetel_ibfk_4` FOREIGN KEY (`desszertID`) REFERENCES `desszertek` (`ID`);

--
-- Megkötések a táblához `termekkepek`
--
ALTER TABLE `termekkepek`
  ADD CONSTRAINT `termekkepek_ibfk_2` FOREIGN KEY (`termekID`) REFERENCES `desszertek` (`ID`);
COMMIT;

/*!40101 SET CHARACTER_SET_CLIENT=@OLD_CHARACTER_SET_CLIENT */;
/*!40101 SET CHARACTER_SET_RESULTS=@OLD_CHARACTER_SET_RESULTS */;
/*!40101 SET COLLATION_CONNECTION=@OLD_COLLATION_CONNECTION */;